category,subject,year,track,document_type,source_url,final_google_drive_path,file_size_bytes,sha256,pdf_valid,status,notes
Maths,Maths A,2025,MP,ÉNONCÉ,https://cpge-paradise.com/Concours2025/XENS/MP/MathA2025bis.pdf,XENS ANNALES/Maths/Maths A/XENS MATHS A ÉNONCÉ 2025.pdf,2429852,347a9b4369c3b3b953f5836857f3f45f9206c480498d9d04bde027d9f749ea4f,TRUE,UPLOADED_VERIFIED,HTTP 200 application/pdf; 7 pages; Scanned image PDF (no text layer); first page visually checked: X-ENS 2025 MP-MPI Épreuve n°1 Mathématiques A (XULSR).
Maths,Maths A,2025,MP,CORRIGÉ,https://cpge-paradise.com/Concours2025/XENS/corriges/MathA2025cor.pdf,XENS ANNALES/Maths/Maths A/XENS MATHS A CORRIGÉ 2025.pdf,444370,9146cc929f56fe2e52b4aec51eb2bd06b571a0499f8d6f460a32632085f74dbb,TRUE,UPLOADED_VERIFIED,HTTP 200 application/pdf; 21 pages
Maths,Maths A,2024,MP,ÉNONCÉ,https://www.iamateacher.org/_files/ugd/99b3c9_08487846b3cf4e6d89d91e0a233d4a06.pdf,XENS ANNALES/Maths/Maths A/XENS MATHS A ÉNONCÉ 2024.pdf,311091,5ad912ddec85dbf029db9e9d7d23777c6cde0eea83c1fb927402eb358f115d0f,TRUE,UPLOADED_VERIFIED,HTTP 200 application/pdf; 8 pages
Maths,Maths A,2024,MP,CORRIGÉ,https://www.iamateacher.org/_files/ugd/99b3c9_95b2fbb97f744ba980caa340360a15a2.pdf,XENS ANNALES/Maths/Maths A/XENS MATHS A CORRIGÉ 2024.pdf,249497,9221499d050000d2ee000191f25e64086f1ad28fbb55405c13464850ec9f5bcd,TRUE,UPLOADED_VERIFIED,HTTP 200 application/pdf; 15 pages
Maths,Maths A,2023,MP,ÉNONCÉ,https://www.iamateacher.org/_files/ugd/99b3c9_00842710bdb74857bf85b0f334399251.pdf,XENS ANNALES/Maths/Maths A/XENS MATHS A ÉNONCÉ 2023.pdf,211662,263d74a20aa6552677b4317cdd1e978428eafe103c1633504a4ee79ac11525a2,TRUE,UPLOADED_VERIFIED,HTTP 200 application/pdf; 7 pages
Maths,Maths A,2023,MP,CORRIGÉ,https://www.iamateacher.org/_files/ugd/99b3c9_16cf96b649ec4867ac5c5ff750308e6f.pdf,XENS ANNALES/Maths/Maths A/XENS MATHS A CORRIGÉ 2023.pdf,238054,2a18fa60147d41729ad18c548ab59ea1b143be9a5c51589f34cb8f0a303b0c5c,TRUE,UPLOADED_VERIFIED,HTTP 200 application/pdf; 12 pages
Maths,Maths A,2022,MP,ÉNONCÉ,https://www.iamateacher.org/_files/ugd/99b3c9_0accbf278a3d4092b934c868dc4f4e0a.pdf,XENS ANNALES/Maths/Maths A/XENS MATHS A ÉNONCÉ 2022.pdf,215084,d3e3a60b3a3d17758c3014e5e803012f879492d5a2e2916f3da7abbab429aba5,TRUE,UPLOADED_VERIFIED,HTTP 200 application/pdf; 5 pages
Maths,Maths A,2022,MP,CORRIGÉ,https://www.iamateacher.org/_files/ugd/99b3c9_217c6a5fe6f746318fc1366a960704a9.pdf,XENS ANNALES/Maths/Maths A/XENS MATHS A CORRIGÉ 2022.pdf,271820,ee49316b98463c1d4319a1d0998f12735279ab41f4eb0e86e200339e4232db3c,TRUE,UPLOADED_VERIFIED,HTTP 200 application/pdf; 8 pages
Maths,Maths A,2021,MP,ÉNONCÉ,https://www.iamateacher.org/_files/ugd/99b3c9_e3485fd9d69c42a2852d2f68b5f33cfb.pdf,XENS ANNALES/Maths/Maths A/XENS MATHS A ÉNONCÉ 2021.pdf,247581,cd21cd149500086d24482396a2cbf9b9757d4ce71561a82221d64b12ca05ed29,TRUE,UPLOADED_VERIFIED,HTTP 200 application/pdf; 6 pages
Maths,Maths A,2021,MP,CORRIGÉ,https://www.iamateacher.org/_files/ugd/99b3c9_3ab098db884749c09d4d2549a2bba7d1.pdf,XENS ANNALES/Maths/Maths A/XENS MATHS A CORRIGÉ 2021.pdf,186960,bbf30d6872cab701e5edcedb49d3fd8d9eeacc179e48807909c4ecd09d04e8f2,TRUE,UPLOADED_VERIFIED,HTTP 200 application/pdf; 11 pages
Maths,Maths A,2020,MP,ÉNONCÉ,https://www.iamateacher.org/_files/ugd/99b3c9_647cf6b70b01473bbd81e242f6ad43f2.pdf,XENS ANNALES/Maths/Maths A/XENS MATHS A ÉNONCÉ 2020.pdf,330837,7a93ac5f39c9109cc70c73730255b9d8c603cb9feb0f871a6bd9926e24626b9c,TRUE,UPLOADED_VERIFIED,HTTP 200 application/pdf; 6 pages
Maths,Maths A,2020,MP,CORRIGÉ,https://www.iamateacher.org/_files/ugd/99b3c9_0153ae7d946d44329258e2bc28574c53.pdf,XENS ANNALES/Maths/Maths A/XENS MATHS A CORRIGÉ 2020.pdf,156389,6d4aa346ba6edbe7c77332ad792dbaf407da9f2a72e4902f8f088017339bd06f,TRUE,UPLOADED_VERIFIED,HTTP 200 application/pdf; 13 pages
Maths,Maths A,2019,MP,ÉNONCÉ,https://www.iamateacher.org/_files/ugd/99b3c9_51214714e72b4f1dbeeac7bd8c25f537.pdf,XENS ANNALES/Maths/Maths A/XENS MATHS A ÉNONCÉ 2019.pdf,206799,e2b65b615bed5583fa8b8864d92469c28f1c069575c3512bf490c657d7d224bc,TRUE,UPLOADED_VERIFIED,HTTP 200 application/pdf; 9 pages
Maths,Maths A,2019,MP,CORRIGÉ,https://www.iamateacher.org/_files/ugd/99b3c9_b63c0d285ab24b53b9b121f885e1dedc.pdf,XENS ANNALES/Maths/Maths A/XENS MATHS A CORRIGÉ 2019.pdf,166903,1c83545f6adc2aca24dd945553c473a5dcc821ace040b6801e1ea0531cc779e5,TRUE,UPLOADED_VERIFIED,HTTP 200 application/pdf; 12 pages
Maths,Maths A,2018,MP,ÉNONCÉ,https://www.iamateacher.org/_files/ugd/99b3c9_f1042c49a94b4e758fa289e039d63713.pdf,XENS ANNALES/Maths/Maths A/XENS MATHS A ÉNONCÉ 2018.pdf,149084,2ef6ff29b031fc37a51d13bcc3452a9cdf93c507225b2ada4190e91669376806,TRUE,UPLOADED_VERIFIED,HTTP 200 application/pdf; 6 pages
Maths,Maths A,2018,MP,CORRIGÉ,https://www.iamateacher.org/_files/ugd/99b3c9_80534e0c86394ba196e928b3dbd627d4.pdf,XENS ANNALES/Maths/Maths A/XENS MATHS A CORRIGÉ 2018.pdf,254317,6b0033fb2bbae5b1bbb2bf13999415de53e11c4acd32ad4ceec9fc672718fe21,TRUE,UPLOADED_VERIFIED,HTTP 200 application/pdf; 12 pages
Maths,Maths A,2017,MP,ÉNONCÉ,https://www.iamateacher.org/_files/ugd/99b3c9_5dd0013b2ecd49bc99c5f87623d2c32d.pdf,XENS ANNALES/Maths/Maths A/XENS MATHS A ÉNONCÉ 2017.pdf,209376,f8c355f9d3a0c694b2e300d58f66e1611de4bfaeb9e7348b9bb80d2ab40d0da6,TRUE,UPLOADED_VERIFIED,HTTP 200 application/pdf; 5 pages
Maths,Maths A,2017,MP,CORRIGÉ,https://www.iamateacher.org/_files/ugd/99b3c9_65f8ff21eb034c0cb864cb37cffc3084.pdf,XENS ANNALES/Maths/Maths A/XENS MATHS A CORRIGÉ 2017.pdf,307149,cf3f698f6de01c3031f784186bf8c23d3ead0e76e5200e0517556b838a2e13e5,TRUE,UPLOADED_VERIFIED,HTTP 200 application/pdf; 18 pages
Maths,Maths A,2016,MP,ÉNONCÉ,https://www.iamateacher.org/_files/ugd/99b3c9_1982d8d7f9e043c0bedce7ef14363aad.pdf,XENS ANNALES/Maths/Maths A/XENS MATHS A ÉNONCÉ 2016.pdf,90774,b2b3e73d96fd0065e04f54175d94bfe4555970b4b3330cb216932394426745a0,TRUE,UPLOADED_VERIFIED,HTTP 200 application/pdf; 6 pages
Maths,Maths A,2016,MP,CORRIGÉ,https://www.iamateacher.org/_files/ugd/99b3c9_7033465e8d3446718e2111369eb81878.pdf,XENS ANNALES/Maths/Maths A/XENS MATHS A CORRIGÉ 2016.pdf,213830,f7049e7cb46dcc6e4f51bc74f04030f8720d32961bda41139a88fa0e7ec95988,TRUE,UPLOADED_VERIFIED,HTTP 200 application/pdf; 9 pages
Maths,Maths A,2015,MP,ÉNONCÉ,https://www.iamateacher.org/_files/ugd/99b3c9_2707276fedf04e5d9e401699f14295fb.pdf,XENS ANNALES/Maths/Maths A/XENS MATHS A ÉNONCÉ 2015.pdf,131072,ddf5ec20ab3f2e2cf15950675d2739de76bace366d1ab2b5cd4f01b4b04991f9,TRUE,UPLOADED_VERIFIED,HTTP 200 application/pdf; 5 pages; Source file is NUL-padded after a valid %%EOF (server Content-Length equals size); complete and not truncated.
Maths,Maths A,2015,MP,CORRIGÉ,https://www.iamateacher.org/_files/ugd/99b3c9_76937211315d4b8995f846cb79c80363.pdf,XENS ANNALES/Maths/Maths A/XENS MATHS A CORRIGÉ 2015.pdf,184325,c66efb2f533b5611702ce1eac3bdf1dff97c7b595ae4464cc8689b426f4ee20a,TRUE,UPLOADED_VERIFIED,HTTP 200 application/pdf; 13 pages
Maths,Maths A,2014,MP,ÉNONCÉ,https://www.iamateacher.org/_files/ugd/99b3c9_618220e8ad3c4c249c705c41a06894e3.pdf,XENS ANNALES/Maths/Maths A/XENS MATHS A ÉNONCÉ 2014.pdf,131072,f5aa6030ac18af0d431047acf8f83218773e7a858f3eb4d0c4d358cbce3e0b7a,TRUE,UPLOADED_VERIFIED,HTTP 200 application/pdf; 5 pages; Source file is NUL-padded after a valid %%EOF (server Content-Length equals size); complete and not truncated.
Maths,Maths A,2014,MP,CORRIGÉ,https://www.iamateacher.org/_files/ugd/99b3c9_b874dd5bccb94f278c6cc5d4badc7506.pdf,XENS ANNALES/Maths/Maths A/XENS MATHS A CORRIGÉ 2014.pdf,230752,d0dc65b02c8e62a57d88ef073f0c836d73185a3f19a89cc6dcc9a7c7c9c61c68,TRUE,UPLOADED_VERIFIED,HTTP 200 application/pdf; 8 pages
Maths,Maths A,2013,MP,ÉNONCÉ,https://www.iamateacher.org/_files/ugd/99b3c9_7ecdf5c1853a4f658839d20d6bd27891.pdf,XENS ANNALES/Maths/Maths A/XENS MATHS A ÉNONCÉ 2013.pdf,69468,5bdb9c3f6ef99c964fdec689c10256c64f9dabfe10786735772930d5e7c19a79,TRUE,UPLOADED_VERIFIED,HTTP 200 application/pdf; 4 pages
Maths,Maths A,2013,MP,CORRIGÉ,https://www.iamateacher.org/_files/ugd/99b3c9_924611d1719044afb2d5edeb969dd457.pdf,XENS ANNALES/Maths/Maths A/XENS MATHS A CORRIGÉ 2013.pdf,68096,380e072e3ac89db6f01d500975be51a037c7bc6adf330c3ceb11afd558044eda,TRUE,UPLOADED_VERIFIED,HTTP 200 application/pdf; 5 pages
Maths,Maths A,2012,MP,ÉNONCÉ,https://www.iamateacher.org/_files/ugd/99b3c9_2cbb4ae7ff6c4bf6a4faa25f27d7a6b2.pdf,XENS ANNALES/Maths/Maths A/XENS MATHS A ÉNONCÉ 2012.pdf,76702,5b6e205bcd34739e3cf5279c1d1b182f9be88cf847262db8a6465a73a50615a2,TRUE,UPLOADED_VERIFIED,HTTP 200 application/pdf; 4 pages
Maths,Maths A,2012,MP,CORRIGÉ,https://www.iamateacher.org/_files/ugd/99b3c9_95218d4947f245eca9bcc544cb5f178b.pdf,XENS ANNALES/Maths/Maths A/XENS MATHS A CORRIGÉ 2012.pdf,122266,c7ec5562d2231e4286688e21f3923fd8eac354be0b69cae39db5c4eaa9bb627b,TRUE,UPLOADED_VERIFIED,HTTP 200 application/pdf; 10 pages
Maths,Maths A,2011,MP,ÉNONCÉ,https://www.iamateacher.org/_files/ugd/99b3c9_9791995b5af84037b125a7bd2c6186a4.pdf,XENS ANNALES/Maths/Maths A/XENS MATHS A ÉNONCÉ 2011.pdf,71254,3ab5b44855518dac48832488d3a095b9df2cbde65b9fc5bfe6f6a2739a1d00b1,TRUE,UPLOADED_VERIFIED,HTTP 200 application/pdf; 4 pages
Maths,Maths A,2011,MP,CORRIGÉ,https://www.iamateacher.org/_files/ugd/99b3c9_9ddd96089adf4b5c9962df0e1617f4a2.pdf,XENS ANNALES/Maths/Maths A/XENS MATHS A CORRIGÉ 2011.pdf,71779,bad773b1a712cd7dd2bd3e001748f0b5481ab00a88a934c75645e34648c5f922,TRUE,UPLOADED_VERIFIED,HTTP 200 application/pdf; 5 pages
Maths,Maths B,2025,MP,ÉNONCÉ,https://cpge-paradise.com/Concours2025/XENS/MP/MathB2025.pdf,XENS ANNALES/Maths/Maths B/XENS MATHS B ÉNONCÉ 2025.pdf,1946701,a962ee3dfab4afdf6c339d3cfcf50a500153239cd1d667cca311bcdb45d7d8e3,TRUE,UPLOADED_VERIFIED,HTTP 200 application/pdf; 7 pages; Scanned image PDF (no text layer); first page visually checked: École polytechnique 2025 MP-MPI Épreuve n°3 Mathématiques B (X).
Maths,Maths B,2025,MP,CORRIGÉ,https://cpge-paradise.com/Concours2025/XENS/corriges/MathB2025cor.pdf,XENS ANNALES/Maths/Maths B/XENS MATHS B CORRIGÉ 2025.pdf,336904,fbdc9a0cfccca10bc69517740d667c9a8e211fd07ee2a711801000b7df8fe001,TRUE,UPLOADED_VERIFIED,HTTP 200 application/pdf; 21 pages
Maths,Maths B,2024,MP,ÉNONCÉ,https://www.iamateacher.org/_files/ugd/99b3c9_47029c4010a34fbab57f48ea7bcd8a61.pdf,XENS ANNALES/Maths/Maths B/XENS MATHS B ÉNONCÉ 2024.pdf,262357,ce144658d6f22a38a7039bdb3700a68802841096a76097442668cd29d6970729,TRUE,UPLOADED_VERIFIED,HTTP 200 application/pdf; 7 pages
Maths,Maths B,2024,MP,CORRIGÉ,https://www.iamateacher.org/_files/ugd/99b3c9_0101790867024dc89ff78ff80c362824.pdf,XENS ANNALES/Maths/Maths B/XENS MATHS B CORRIGÉ 2024.pdf,363550,eb0dc53fbca929f09284fde118e1c293a726c1ba7766ded5df7e8133f5090509,TRUE,UPLOADED_VERIFIED,HTTP 200 application/pdf; 14 pages
Maths,Maths B,2023,MP,ÉNONCÉ,https://www.iamateacher.org/_files/ugd/99b3c9_0823d594c2cd480690e2e616e9cd587f.pdf,XENS ANNALES/Maths/Maths B/XENS MATHS B ÉNONCÉ 2023.pdf,218737,7aa21c5b9e03dc99a604d3650c92e5d2cce1dbfa26d279d3ec227cf9f73a7d41,TRUE,UPLOADED_VERIFIED,HTTP 200 application/pdf; 7 pages
Maths,Maths B,2023,MP,CORRIGÉ,https://www.iamateacher.org/_files/ugd/99b3c9_7aa453999514403f94363142257ccc80.pdf,XENS ANNALES/Maths/Maths B/XENS MATHS B CORRIGÉ 2023.pdf,803432,4c9b95d8acb17c3fe3eb873ecde965140cf0c25933fa5bd6dbc85266321428cc,TRUE,UPLOADED_VERIFIED,HTTP 200 application/pdf; 13 pages
Maths,Maths B,2022,MP,ÉNONCÉ,https://www.iamateacher.org/_files/ugd/99b3c9_e409462c5dd94864ab0c8bfd0dc7fae8.pdf,XENS ANNALES/Maths/Maths B/XENS MATHS B ÉNONCÉ 2022.pdf,252827,dc683d4c134372d3ca928e2d06c8125a6b8b63d40d908f01cc453cab8ffa8319,TRUE,UPLOADED_VERIFIED,HTTP 200 application/pdf; 5 pages
Maths,Maths B,2022,MP,CORRIGÉ,https://www.iamateacher.org/_files/ugd/99b3c9_bf9ebc6964a74dda93cf46027d0e1da9.pdf,XENS ANNALES/Maths/Maths B/XENS MATHS B CORRIGÉ 2022.pdf,297281,484cc97e9b17a5e027d1d7d3ea16e8ff47b4d7181806ef9e27dd2ac0f5dfb550,TRUE,UPLOADED_VERIFIED,HTTP 200 application/pdf; 10 pages
Maths,Maths B,2021,MP,ÉNONCÉ,https://www.iamateacher.org/_files/ugd/99b3c9_69ec7ca333ff49418972b052b783d3e4.pdf,XENS ANNALES/Maths/Maths B/XENS MATHS B ÉNONCÉ 2021.pdf,243242,0b2641cc97d78386a5245752bdd669dd4efec3dc4d92ef7d89c075b551ab3fd4,TRUE,UPLOADED_VERIFIED,HTTP 200 application/pdf; 6 pages
Maths,Maths B,2021,MP,CORRIGÉ,https://www.iamateacher.org/_files/ugd/99b3c9_34f73ac9c0964f2abe2febf508e108b7.pdf,XENS ANNALES/Maths/Maths B/XENS MATHS B CORRIGÉ 2021.pdf,248117,1ccfa69a6c4da8a7254b2ce50fcc664a91142751c9b4f09823670763cbc64736,TRUE,UPLOADED_VERIFIED,HTTP 200 application/pdf; 14 pages
Maths,Maths B,2020,MP,ÉNONCÉ,https://www.iamateacher.org/_files/ugd/99b3c9_84b8eeb35f0f4e17845acc0f12201b81.pdf,XENS ANNALES/Maths/Maths B/XENS MATHS B ÉNONCÉ 2020.pdf,327488,ab76f1ce92693d26ffb987b6ed747883390f2479ebb8ca3fcb850bb8154d4888,TRUE,UPLOADED_VERIFIED,HTTP 200 application/pdf; 6 pages
Maths,Maths B,2020,MP,CORRIGÉ,https://www.iamateacher.org/_files/ugd/99b3c9_30f2fe5b44a44768a313e3728e05fbd3.pdf,XENS ANNALES/Maths/Maths B/XENS MATHS B CORRIGÉ 2020.pdf,106092,e6c28040d5f0be47e4359e52962478fe51ce2e31b268786064f6de169e1c3fd3,TRUE,UPLOADED_VERIFIED,HTTP 200 application/pdf; 7 pages
Maths,Maths B,2019,MP,ÉNONCÉ,https://www.iamateacher.org/_files/ugd/99b3c9_00db6f5285624ccea227882afebc0784.pdf,XENS ANNALES/Maths/Maths B/XENS MATHS B ÉNONCÉ 2019.pdf,222974,a32a80ba69621ad4a2f5b410370f91a69397435e8ef5d188c84e11ee297dcbca,TRUE,UPLOADED_VERIFIED,HTTP 200 application/pdf; 7 pages
Maths,Maths B,2019,MP,CORRIGÉ,https://www.iamateacher.org/_files/ugd/99b3c9_aef2179774104c068b0e8c4c7edffef1.pdf,XENS ANNALES/Maths/Maths B/XENS MATHS B CORRIGÉ 2019.pdf,175445,72b95d18db1a41dae296b572d8d4ac22b7e4aab78c7fe6429adcb7ae9698bbda,TRUE,UPLOADED_VERIFIED,HTTP 200 application/pdf; 5 pages
Maths,Maths B,2018,MP,ÉNONCÉ,https://www.alloschool.com/assets/documents/course-236/x-ens-mp-2018-maths-b-sujet.pdf,XENS ANNALES/Maths/Maths B/XENS MATHS B ÉNONCÉ 2018.pdf,188223,cea1ef5fe0a252ea5e75ebf4f220d08a4cf81a6ef969d658bf6336679f1ad711,TRUE,UPLOADED_VERIFIED,HTTP 200 application/pdf; 5 pages
Maths,Maths B,2018,MP,CORRIGÉ,https://www.alloschool.com/assets/documents/course-236/x-ens-mp-2018-maths-b-corrige.pdf,XENS ANNALES/Maths/Maths B/XENS MATHS B CORRIGÉ 2018.pdf,205353,5a2c64397e7dca27a500a977ccb190b4cfed917a265b8fdbfb0554d7a2fec2fc,TRUE,UPLOADED_VERIFIED,HTTP 200 application/pdf; 8 pages
Maths,Maths B,2017,MP,ÉNONCÉ,https://www.iamateacher.org/_files/ugd/99b3c9_dae4ee165cb84c0fa769b965e4042adb.pdf,XENS ANNALES/Maths/Maths B/XENS MATHS B ÉNONCÉ 2017.pdf,166684,9116c6ff93be5d93a0f38002096d29270bc3a1166afc4d38c58efaa09849ef31,TRUE,UPLOADED_VERIFIED,HTTP 200 application/pdf; 6 pages
Maths,Maths B,2017,MP,CORRIGÉ,https://www.iamateacher.org/_files/ugd/99b3c9_231e246b8da74f7d806d5d233b1e821d.pdf,XENS ANNALES/Maths/Maths B/XENS MATHS B CORRIGÉ 2017.pdf,210305,da4ee1ba716611189b85626291d6aabaa86280d83a382ff7b4907ff47e3735da,TRUE,UPLOADED_VERIFIED,HTTP 200 application/pdf; 7 pages
Maths,Maths B,2016,MP,ÉNONCÉ,https://wikiprepa.fr/concours/data/x-ens_maths-b_mp_2016.pdf,XENS ANNALES/Maths/Maths B/XENS MATHS B ÉNONCÉ 2016.pdf,85615,98f4b91b685be5c5e0223fdcf2cbab1ef0300edf1e81d862f5cdd35b22489a1e,TRUE,UPLOADED_VERIFIED,HTTP 200 application/pdf; 6 pages
Maths,Maths B,2016,MP,CORRIGÉ,https://www.iamateacher.org/_files/ugd/99b3c9_fd6d6300446d4e8a81969895c354d214.pdf,XENS ANNALES/Maths/Maths B/XENS MATHS B CORRIGÉ 2016.pdf,241063,6e80e16bd2cf0ae6dd6d358cb44d45eafa2c738d6e8c04a7465e8b430feb66d4,TRUE,UPLOADED_VERIFIED,"HTTP 200 application/pdf; 9 pages; Opens by restating the subject, then gives the solution."
Maths,Maths B,2015,MP,ÉNONCÉ,https://www.iamateacher.org/_files/ugd/99b3c9_241533f858cc46fa951e121225d16340.pdf,XENS ANNALES/Maths/Maths B/XENS MATHS B ÉNONCÉ 2015.pdf,131072,b04931a8608640bd2211df5da796f13227fc9c9f73d1d6f4d94ce19a984d5b30,TRUE,UPLOADED_VERIFIED,HTTP 200 application/pdf; 7 pages; Source file is NUL-padded after a valid %%EOF (server Content-Length equals size); complete and not truncated.
Maths,Maths B,2015,MP,CORRIGÉ,https://www.iamateacher.org/_files/ugd/99b3c9_7c38cdf885ec49c39f61b0900c8fdfc8.pdf,XENS ANNALES/Maths/Maths B/XENS MATHS B CORRIGÉ 2015.pdf,465160,69ded0ef3b35b476fdd5e9ac04eeb4d94e7c114b8137fa6921674c84c0fd7b48,TRUE,UPLOADED_VERIFIED,HTTP 200 application/pdf; 25 pages
Maths,Maths B,2014,MP,ÉNONCÉ,https://www.iamateacher.org/_files/ugd/99b3c9_f293bd485b86487083e327f408e59a79.pdf,XENS ANNALES/Maths/Maths B/XENS MATHS B ÉNONCÉ 2014.pdf,131072,aa461d1c02fadd90d4cc37a718f708420462799fe2b921b9cafa23cb521c2e42,TRUE,UPLOADED_VERIFIED,HTTP 200 application/pdf; 4 pages; Source file is NUL-padded after a valid %%EOF (server Content-Length equals size); complete and not truncated.
Maths,Maths B,2014,MP,CORRIGÉ,https://www.iamateacher.org/_files/ugd/99b3c9_56cb397ea50b4b2b9d2bfa5f40827b0e.pdf,XENS ANNALES/Maths/Maths B/XENS MATHS B CORRIGÉ 2014.pdf,218198,300f1d2efd2a036a6a576ddf4ef72986f6ceb7b3963aedc02ce0cb9c15b34080,TRUE,UPLOADED_VERIFIED,HTTP 200 application/pdf; 5 pages
Maths,Maths B,2013,MP,ÉNONCÉ,https://www.iamateacher.org/_files/ugd/99b3c9_5ee92ce2257e4e05a2d8afc7cff84a2d.pdf,XENS ANNALES/Maths/Maths B/XENS MATHS B ÉNONCÉ 2013.pdf,81421,9d0d6d705ad84fd2a8dba620d7958035ae82158c58b9e11ef51b6325be4001f6,TRUE,UPLOADED_VERIFIED,HTTP 200 application/pdf; 5 pages
Maths,Maths B,2013,MP,CORRIGÉ,https://www.iamateacher.org/_files/ugd/99b3c9_421b7a5acfab4235b4d16e01e364e217.pdf,XENS ANNALES/Maths/Maths B/XENS MATHS B CORRIGÉ 2013.pdf,214538,c7d75037a8f053d408d605be45ab03aefe36de142715151848b004dab922c130,TRUE,UPLOADED_VERIFIED,HTTP 200 application/pdf; 10 pages
Maths,Maths B,2012,MP,ÉNONCÉ,https://www.iamateacher.org/_files/ugd/99b3c9_13f39674087f4a6caf570c9a67fa3e31.pdf,XENS ANNALES/Maths/Maths B/XENS MATHS B ÉNONCÉ 2012.pdf,77595,c691b9b0130767b76bc98ed098dba0e145c22b8429188d2a288b6bd28d6d78cc,TRUE,UPLOADED_VERIFIED,HTTP 200 application/pdf; 4 pages
Maths,Maths B,2012,MP,CORRIGÉ,https://www.iamateacher.org/_files/ugd/99b3c9_597f2b31cd9b4d02b43853cec1aafeda.pdf,XENS ANNALES/Maths/Maths B/XENS MATHS B CORRIGÉ 2012.pdf,76119,6d1aa2996e63e8f4bbae7a4f2e65295fd131aba75cbf0be958c9b8ffd9a4418a,TRUE,UPLOADED_VERIFIED,HTTP 200 application/pdf; 5 pages
Maths,Maths B,2011,MP,ÉNONCÉ,https://www.iamateacher.org/_files/ugd/99b3c9_482be7f8c3d545028c4e3b7186d2f702.pdf,XENS ANNALES/Maths/Maths B/XENS MATHS B ÉNONCÉ 2011.pdf,65547,40e0f256297c67771f4499e60f44e88a9b018012ab5bca193a3614065dd2f18f,TRUE,UPLOADED_VERIFIED,HTTP 200 application/pdf; 4 pages
Maths,Maths B,2011,MP,CORRIGÉ,https://www.iamateacher.org/_files/ugd/99b3c9_616432e42629419baada27d57d92a4a3.pdf,XENS ANNALES/Maths/Maths B/XENS MATHS B CORRIGÉ 2011.pdf,229188,822fe4bcb3612ff5e60e4ac3ea77ccce4ed56c3b2c1f4e17dcc3368646050533,TRUE,UPLOADED_VERIFIED,HTTP 200 application/pdf; 5 pages
Maths,Maths D,2025,MP,ÉNONCÉ,https://cpge-paradise.com/Concours2025/XENS/MP/MathD2025.pdf,XENS ANNALES/Maths/Maths D/XENS MATHS D ÉNONCÉ 2025.pdf,3254674,de7ec18b0c6c15d2ce41098f5d4c5277fdd83925e9e0c7a21e3220a6a2bbea1d,TRUE,UPLOADED_VERIFIED,HTTP 200 application/pdf; 9 pages; Scanned image PDF (no text layer); first page visually checked: ENS 2025 MP Épreuve n°7 Mathématiques D (U).
Maths,Maths D,2025,MP,CORRIGÉ,https://cpge-paradise.com/Concours2025/XENS/corriges/MathD2025cor.pdf,XENS ANNALES/Maths/Maths D/XENS MATHS D CORRIGÉ 2025.pdf,407373,23bf71cbf31dd1f96b15b6ffa3338e84beff2544414b059ea1a220a83f7e6bb0,TRUE,UPLOADED_VERIFIED,HTTP 200 application/pdf; 19 pages; Authors state the corrigé stops at question 37.
Maths,Maths D,2024,MP,ÉNONCÉ,https://cpge-paradise.com/Concours2024/XENS/MP/MathD2024p.pdf,XENS ANNALES/Maths/Maths D/XENS MATHS D ÉNONCÉ 2024.pdf,5700540,c211e1727613e7d67082af1ea2654e7d759edb4c1d881de01f670efd030283e7,TRUE,UPLOADED_VERIFIED,HTTP 200 application/pdf; 11 pages; Scanned image PDF (no text layer); first page visually checked: ENS 2024 MP Épreuve n°7 Mathématiques D (U).
Maths,Maths D,2024,MP,CORRIGÉ,https://cpge-paradise.com/Concours2024/XENS/MP/corriges/MathD2024corrbis.pdf,XENS ANNALES/Maths/Maths D/XENS MATHS D CORRIGÉ 2024.pdf,503045,640744dd65f5c6da4cc66506d157cfc1479109178163318b0ba9a504d5da3a97,TRUE,UPLOADED_VERIFIED,HTTP 200 application/pdf; 30 pages
Maths,Maths D,2023,MP,ÉNONCÉ,https://cpge-paradise.com/Concours2023/X/MathD2023.pdf,XENS ANNALES/Maths/Maths D/XENS MATHS D ÉNONCÉ 2023.pdf,9496826,6d33d5d9da10f6cd0775b9ab3b56466c66c20298dbb299e0d72956d64060c4cd,TRUE,UPLOADED_VERIFIED,HTTP 200 application/pdf; 7 pages
Maths,Maths D,2023,MP,CORRIGÉ,https://cpge-paradise.com/Concours2023/X/corrige/MathDC2023.pdf,XENS ANNALES/Maths/Maths D/XENS MATHS D CORRIGÉ 2023.pdf,252642,276eec255690712e1a1685f9ca6bdee4d34c88d7ed29c01fe003738ebc1dc3c0,TRUE,UPLOADED_VERIFIED,HTTP 200 application/pdf; 5 pages; Authors describe it as partial 'éléments de correction'.
Maths,Maths D,2021,MP,ÉNONCÉ,https://wikiprepa.fr/concours/data/ens_maths-d_mp_2021.pdf,XENS ANNALES/Maths/Maths D/XENS MATHS D ÉNONCÉ 2021.pdf,423338,02b0bb97c289c92525e4369f872364d7a0f17def2ff25329a220639087fbf113,TRUE,UPLOADED_VERIFIED,HTTP 200 application/pdf; 9 pages
Maths,Maths D,2021,MP,CORRIGÉ,https://prepas.org/index.php?file=doc-5afe29c4845a4ba8ba4b&module=Sujets&voir=get,XENS ANNALES/Maths/Maths D/XENS MATHS D CORRIGÉ 2021.pdf,352893,1933150db72f1e99012cba42f12333bc2c745f7400e6a3fad4d254061b785995,TRUE,UPLOADED_VERIFIED,HTTP 200 application/octet-stream; 14 pages; Served as application/octet-stream by prepas.org; accepted because bytes start with %PDF- and PDFium/pypdf open it.
Maths,Maths D,2019,MP,ÉNONCÉ,https://www.alloschool.com/assets/documents/course-236/x-ens-mp-2019-maths-d-sujet.pdf,XENS ANNALES/Maths/Maths D/XENS MATHS D ÉNONCÉ 2019.pdf,235683,f55847c1376c4ea776e7481d132f34be7d905755dc9179ec94f9561dd253cab8,TRUE,UPLOADED_VERIFIED,HTTP 200 application/pdf; 8 pages
Maths,Maths D,2019,MP,CORRIGÉ,https://www.alloschool.com/assets/documents/course-236/x-ens-mp-2019-maths-d-corrige.pdf,XENS ANNALES/Maths/Maths D/XENS MATHS D CORRIGÉ 2019.pdf,393023,3f7cfaa69ea530b0a68d8568c2714ffe8a6debe6fd0106ba4e3ff0c1b48e85d8,TRUE,UPLOADED_VERIFIED,HTTP 200 application/pdf; 38 pages
Maths,Maths D,2018,MP,ÉNONCÉ,https://www.alloschool.com/assets/documents/course-236/x-ens-mp-2018-maths-d-sujet.pdf,XENS ANNALES/Maths/Maths D/XENS MATHS D ÉNONCÉ 2018.pdf,272866,9bf13d821cc9cb7658c66c715942db674f130b59de61e7c12cb1082dfc82fb5c,TRUE,UPLOADED_VERIFIED,"HTTP 200 application/pdf; 8 pages; Header reads 'ENS ... FILIÈRE MPI, Mathématiques D (U)'."
Maths,Maths D,2018,MP,CORRIGÉ,https://www.alloschool.com/assets/documents/course-236/x-ens-mp-2018-maths-d-corrige.pdf,XENS ANNALES/Maths/Maths D/XENS MATHS D CORRIGÉ 2018.pdf,253575,b1afe0833d2e629cadf0f4e6e73223feb523381a363667d1c92bac64c11b81cf,TRUE,UPLOADED_VERIFIED,HTTP 200 application/pdf; 9 pages
Maths,Maths D,2017,MP,ÉNONCÉ,https://www.alloschool.com/assets/documents/course-236/x-ens-mp-2017-maths-4-epreuve.pdf,XENS ANNALES/Maths/Maths D/XENS MATHS D ÉNONCÉ 2017.pdf,183229,1fc4b5e9adb2f735bc288a6f34f78a00d7ce92a9b0737e2a78b14fef34b54c42,TRUE,UPLOADED_VERIFIED,"HTTP 200 application/pdf; 8 pages; Header reads 'ENS ... FILIÈRE MPI, Mathématiques D (U)'."
Maths,Maths D,2017,MP,CORRIGÉ,https://www.alloschool.com/assets/documents/course-236/x-ens-mp-2017-maths-4-corrige.pdf,XENS ANNALES/Maths/Maths D/XENS MATHS D CORRIGÉ 2017.pdf,369401,51bc5fa6fa1e634d62c243b7e93fc83a66bc2b2228cb4a24a45061bebdc64e6e,TRUE,UPLOADED_VERIFIED,HTTP 200 application/pdf; 17 pages
Maths,Maths D,2016,MP,ÉNONCÉ,https://www.alloschool.com/assets/documents/course-236/x-ens-mp-2016-maths-4-epreuve.pdf,XENS ANNALES/Maths/Maths D/XENS MATHS D ÉNONCÉ 2016.pdf,198316,1811e8e25ecd1aa45204952dd072a19a836038b3eb881db8e6fcab38900085f6,TRUE,UPLOADED_VERIFIED,"HTTP 200 application/pdf; 8 pages; Header reads 'ENS ... FILIÈRE MPI, Mathématiques D (U)'."
Maths,Maths D,2016,MP,CORRIGÉ,https://www.alloschool.com/assets/documents/course-236/x-ens-mp-2016-maths-4-corrige.pdf,XENS ANNALES/Maths/Maths D/XENS MATHS D CORRIGÉ 2016.pdf,292342,81613d9ccc9288b3141c06f0211abf8b4776c49fb8a11253bdae5eaaca0d4853,TRUE,UPLOADED_VERIFIED,HTTP 200 application/pdf; 16 pages
Maths,Maths D,2015,MP,ÉNONCÉ,https://www.alloschool.com/assets/documents/course-236/x-ens-mp-2015-maths-4-epreuve.pdf,XENS ANNALES/Maths/Maths D/XENS MATHS D ÉNONCÉ 2015.pdf,231574,420a8e5a3e79c7affbc082a5297f3f7bfe023fe567dc086c4c4b7fe9167ce1f0,TRUE,UPLOADED_VERIFIED,"HTTP 200 application/pdf; 5 pages; Retyped subject ('sujet saisi par Michel Quercia d'après l'original'), not the official print."
Maths,Maths D,2015,MP,CORRIGÉ,https://www.alloschool.com/assets/documents/course-236/x-ens-mp-2015-maths-4-corrige.pdf,XENS ANNALES/Maths/Maths D/XENS MATHS D CORRIGÉ 2015.pdf,207074,5405ef332256d1f64947a6d201f3e0998c420c690d8073f14414d2b61388af66,TRUE,UPLOADED_VERIFIED,HTTP 200 application/pdf; 5 pages
Maths,Maths D,2013,MP,ÉNONCÉ,https://www.alloschool.com/assets/documents/course-236/x-ens-mp-2013-maths-4-epreuve.pdf,XENS ANNALES/Maths/Maths D/XENS MATHS D ÉNONCÉ 2013.pdf,223133,6e502eaa2213bfbe3c0fa6620888753b97b118b9d5dd00c741c99bcd117649a4,TRUE,UPLOADED_VERIFIED,"HTTP 200 application/pdf; 5 pages; Retyped subject ('sujet saisi par Michel Quercia d'après l'original'), not the official print."
Maths,Maths D,2013,MP,CORRIGÉ,https://www.alloschool.com/assets/documents/course-236/x-ens-mp-2013-maths-4-corrige.pdf,XENS ANNALES/Maths/Maths D/XENS MATHS D CORRIGÉ 2013.pdf,209102,992e6d3756698f7521e0f76d144841a7aed7bc918924f15c99012f9525ed35ec,TRUE,UPLOADED_VERIFIED,HTTP 200 application/pdf; 7 pages
Maths,Maths D,2012,MP,ÉNONCÉ,https://www.alloschool.com/assets/documents/course-236/x-ens-mp-2012-maths-4-epreuve.pdf,XENS ANNALES/Maths/Maths D/XENS MATHS D ÉNONCÉ 2012.pdf,838464,8881058676c5f1d52518e6201d440ec9c11ddada30a055c96b8bcdc2f1563a30,TRUE,UPLOADED_VERIFIED,HTTP 200 application/pdf; 8 pages
Maths,Maths D,2012,MP,CORRIGÉ,https://www.alloschool.com/assets/documents/course-236/x-ens-mp-2012-maths-4-corrige.pdf,XENS ANNALES/Maths/Maths D/XENS MATHS D CORRIGÉ 2012.pdf,281581,dbea3ba6b36683d135744d8d2218a47d709384ea75f19fdc91abadd9516b0759,TRUE,UPLOADED_VERIFIED,HTTP 200 application/pdf; 10 pages
Informatique,Informatique,2020,MP Option Info,ÉNONCÉ,https://www.alloschool.com/assets/documents/course-269/x-ens-informatique-2020-mp-option-info-sujet.pdf,XENS ANNALES/Informatique/XENS INFO ÉNONCÉ 2020.pdf,7800971,9a2166639a02f61ed52493c58f62f099f02edce863174c2fdf00335fe94c94f0,TRUE,UPLOADED_VERIFIED,"HTTP 200 application/pdf; 15 pages; Informatique A (XULCR), MP spécialité informatique; mostly scanned after page 1."
Informatique,Informatique,2020,MP Option Info,CORRIGÉ,https://www.alloschool.com/assets/documents/course-269/x-ens-informatique-2020-mp-option-info-corrige.pdf,XENS ANNALES/Informatique/XENS INFO CORRIGÉ 2020.pdf,308913,6ee5aad78e167356f8e25040ff4b0b2f7762d0f077df2ee4e888efba0dde454e,TRUE,UPLOADED_VERIFIED,HTTP 200 application/pdf; 8 pages
Informatique,Informatique,2019,MP/PC/PSI,ÉNONCÉ,https://www.alloschool.com/assets/documents/course-269/x-ens-informatique-2019-mp-pc-psi-epreuve.pdf,XENS ANNALES/Informatique/XENS INFO ÉNONCÉ 2019.pdf,379672,3b1ff489e35fa0a1331ca99aa87d7d60950e37d60b31d51e69fd0906cf0bff70,TRUE,UPLOADED_VERIFIED,HTTP 200 application/pdf; 18 pages
Informatique,Informatique,2019,MP/PC/PSI,CORRIGÉ,https://www.alloschool.com/assets/documents/course-269/x-ens-informatique-2019-mp-pc-psi-corrige.pdf,XENS ANNALES/Informatique/XENS INFO CORRIGÉ 2019.pdf,95531,0e08b99825b0a7f041977e830992352673ccc25f655d4666d68c25f2de20df3b,TRUE,UPLOADED_VERIFIED,HTTP 200 application/pdf; 6 pages
Informatique,Informatique,2018,MP/PC/PSI,ÉNONCÉ,https://www.alloschool.com/assets/documents/course-269/x-ens-informatique-2018-mp-pc-psi-epreuve.pdf,XENS ANNALES/Informatique/XENS INFO ÉNONCÉ 2018.pdf,238767,244fdc3c3d72ce5d737e7acf66c358d41d1ab4deda298019162c428e4a9eeb0f,TRUE,UPLOADED_VERIFIED,HTTP 200 application/pdf; 13 pages
Informatique,Informatique,2018,MP/PC/PSI,CORRIGÉ,https://www.alloschool.com/assets/documents/course-269/x-ens-informatique-2018-mp-pc-psi-corrige.pdf,XENS ANNALES/Informatique/XENS INFO CORRIGÉ 2018.pdf,112383,c68c6b7389e952b247ffc29536a1fd7364ad5d531cd9ae70a64bd36fdeb73fb4,TRUE,UPLOADED_VERIFIED,HTTP 200 application/pdf; 6 pages
Informatique,Informatique,2017,MP/PC/PSI,ÉNONCÉ,https://www.alloschool.com/assets/documents/course-269/x-ens-informatique-2017-mp-pc-psi-epreuve.pdf,XENS ANNALES/Informatique/XENS INFO ÉNONCÉ 2017.pdf,317643,c11f728acb00c31bc8656bd9b4d1cd12512c157e4cb86da742d5fd9d22e425eb,TRUE,UPLOADED_VERIFIED,HTTP 200 application/pdf; 7 pages
Informatique,Informatique,2017,MP/PC/PSI,CORRIGÉ,https://www.alloschool.com/assets/documents/course-269/x-ens-informatique-2017-mp-pc-psi-corrige.pdf,XENS ANNALES/Informatique/XENS INFO CORRIGÉ 2017.pdf,107373,79e5ed12b5de8d6a1e4fd30e3ebd14140411ff105792321df7c5242fb8443232,TRUE,UPLOADED_VERIFIED,HTTP 200 application/pdf; 4 pages
Informatique,Informatique,2016,MP/PC,ÉNONCÉ,https://www.alloschool.com/assets/documents/course-269/x-ens-informatique-2016-mp-pc-epreuve.pdf,XENS ANNALES/Informatique/XENS INFO ÉNONCÉ 2016.pdf,360389,f92a7764256dbc6c1d610ede609452f29aa185277fbd3b131716282a2da0673c,TRUE,UPLOADED_VERIFIED,HTTP 200 application/pdf; 10 pages
Informatique,Informatique,2016,MP/PC,CORRIGÉ,https://www.alloschool.com/assets/documents/course-269/x-ens-informatique-2016-mp-pc-corrige.pdf,XENS ANNALES/Informatique/XENS INFO CORRIGÉ 2016.pdf,175299,b2189c6365725d35a26e34817678bde296d3a4ed5f413c0e196ae39400224302,TRUE,UPLOADED_VERIFIED,HTTP 200 application/pdf; 4 pages
Informatique,Informatique,2015,MP/PC,ÉNONCÉ,https://www.alloschool.com/assets/documents/course-269/x-ens-informatique-2015-mp-pc-epreuve.pdf,XENS ANNALES/Informatique/XENS INFO ÉNONCÉ 2015.pdf,94919,5fd64748d4382a24e1cb62a29671df87bd8f9c04cc49b0e86e5ffd08464fbc19,TRUE,UPLOADED_VERIFIED,HTTP 200 application/pdf; 7 pages
Informatique,Informatique,2015,MP/PC,CORRIGÉ,https://www.alloschool.com/assets/documents/course-269/x-ens-informatique-2015-mp-pc-corrige.pdf,XENS ANNALES/Informatique/XENS INFO CORRIGÉ 2015.pdf,133134,d6c42acc2fb8426c5cddf9bd5222dad929221a8e73339903629fd34dbd4761e2,TRUE,UPLOADED_VERIFIED,HTTP 200 application/pdf; 3 pages
Informatique,Informatique,2014,MP Option Info,ÉNONCÉ,https://www.alloschool.com/assets/documents/course-269/x-ens-informatique-2014-mp-option-info-epreuve.pdf,XENS ANNALES/Informatique/XENS INFO ÉNONCÉ 2014.pdf,131075,9cd9c5c3e484ba6b9bcc03e7cc8db6bfc9af4e985d09b7ebc5b758d97f7f61ae,TRUE,UPLOADED_VERIFIED,HTTP 200 application/pdf; 5 pages; Source file is NUL-padded after a valid %%EOF (server Content-Length equals size); complete and not truncated.
Informatique,Informatique,2014,MP Option Info,CORRIGÉ,https://www.alloschool.com/assets/documents/course-269/x-ens-informatique-2014-mp-option-info-corrige.pdf,XENS ANNALES/Informatique/XENS INFO CORRIGÉ 2014.pdf,231066,0a766ff543586e73afb72850e841c67f44ec1341e4ed69d2b166de9eca926da3,TRUE,UPLOADED_VERIFIED,HTTP 200 application/pdf; 7 pages
Informatique,Informatique,2013,MP/PC,ÉNONCÉ,https://www.alloschool.com/assets/documents/course-269/x-ens-informatique-2013-mp-pc-epreuve.pdf,XENS ANNALES/Informatique/XENS INFO ÉNONCÉ 2013.pdf,73264,ef80b08928e8195b20bf3f7a28b56bd9dac9103179be55bd08707379c85ee26c,TRUE,UPLOADED_VERIFIED,"HTTP 200 application/pdf; 5 pages; Header: 'X – ENS Cachan – ESPCI, MP hors spécialité info / PC'."
Informatique,Informatique,2013,MP/PC,CORRIGÉ,https://www.alloschool.com/assets/documents/course-269/x-ens-informatique-2013-mp-pc-corrige.pdf,XENS ANNALES/Informatique/XENS INFO CORRIGÉ 2013.pdf,245450,eea6bdb40a9b903fd57e5ac31d6720a11279ff933977ad761ad6a12af5d8a368,TRUE,UPLOADED_VERIFIED,HTTP 200 application/pdf; 3 pages
Informatique,Informatique,2012,MP/PC,ÉNONCÉ,https://www.alloschool.com/assets/documents/course-269/x-ens-informatique-2012-mp-pc-epreuve.pdf,XENS ANNALES/Informatique/XENS INFO ÉNONCÉ 2012.pdf,154725,8a341135a07ef341a235459517c1b76192360bd682294654d5f956d5610899ce,TRUE,UPLOADED_VERIFIED,"HTTP 200 application/pdf; 6 pages; Header: 'X – ENS Cachan – ESPCI, MP hors spécialité info / PC'."
Informatique,Informatique,2012,MP/PC,CORRIGÉ,https://www.alloschool.com/assets/documents/course-269/x-ens-informatique-2012-mp-pc-corrige.pdf,XENS ANNALES/Informatique/XENS INFO CORRIGÉ 2012.pdf,1517594,13c881f27cfeada641898d5a2dd3ac4ea59a65b6920fb8a9a7ef01afdf548b76,TRUE,UPLOADED_VERIFIED,HTTP 200 application/pdf; 12 pages; Maple worksheet ('X 2012 : Info pour non-informaticiens'); matched to the subject by its header and the subject's taille() primitive.
Informatique,Informatique,2011,MP/PC,ÉNONCÉ,https://www.alloschool.com/assets/documents/course-269/x-ens-informatique-2011-mp-pc-epreuve.pdf,XENS ANNALES/Informatique/XENS INFO ÉNONCÉ 2011.pdf,51941,68090c42341d3a24a6614415fcec8dbfd37ca5b5aec472b22bd854d603f6f1a8,TRUE,UPLOADED_VERIFIED,"HTTP 200 application/pdf; 4 pages; Header: 'X – ENS Cachan – ESPCI, MP hors spécialité info / PC'."
Informatique,Informatique,2011,MP/PC,CORRIGÉ,https://www.alloschool.com/assets/documents/course-269/x-ens-informatique-2011-mp-pc-corrige.pdf,XENS ANNALES/Informatique/XENS INFO CORRIGÉ 2011.pdf,12999,bbb3055a7632a4b818551ed286a8b7bb7fd73507bd029eb47f7b23b063474672,TRUE,UPLOADED_VERIFIED,HTTP 200 application/pdf; 4 pages
Informatique,Informatique,2010,MP/PC,ÉNONCÉ,https://www.alloschool.com/assets/documents/course-269/x-ens-informatique-2010-mp-pc-epreuve.pdf,XENS ANNALES/Informatique/XENS INFO ÉNONCÉ 2010.pdf,80290,73ae5831c9dbe0803d969ad84be1c77cd4c4a278b71c0923b307ad150365845f,TRUE,UPLOADED_VERIFIED,"HTTP 200 application/pdf; 4 pages; Header: 'MP option physique et SI / PC, composition d'informatique (2 h)'."
Informatique,Informatique,2010,MP/PC,CORRIGÉ,https://www.alloschool.com/assets/documents/course-269/x-ens-informatique-2010-mp-pc-corrige.pdf,XENS ANNALES/Informatique/XENS INFO CORRIGÉ 2010.pdf,1191850,7fc1a377d2d900738c90aea8312c45c3039092d1fe1a7217a38e01f17fd18e42,TRUE,UPLOADED_VERIFIED,HTTP 200 application/pdf; 8 pages
Informatique,Informatique,2009,MP/PC,ÉNONCÉ,https://www.alloschool.com/assets/documents/course-269/x-ens-informatique-2009-mp-pc-epreuve.pdf,XENS ANNALES/Informatique/XENS INFO ÉNONCÉ 2009.pdf,91130,3dbd13480820700d228378f4f8411f590a87c3da094c617e280c1da6d9acfb15,TRUE,UPLOADED_VERIFIED,"HTTP 200 application/pdf; 4 pages; Header: 'MP option physique et SI / PC, composition d'informatique (2 h)'."
Informatique,Informatique,2009,MP/PC,CORRIGÉ,https://www.alloschool.com/assets/documents/course-269/x-ens-informatique-2009-mp-pc-corrige.pdf,XENS ANNALES/Informatique/XENS INFO CORRIGÉ 2009.pdf,85790,5ce0db3fd424bc1871590650cf342517467ac58a8ee79dd72393e5e3479fc2eb,TRUE,UPLOADED_VERIFIED,HTTP 200 application/pdf; 7 pages
Informatique,Informatique,2008,MP Option Info,ÉNONCÉ,https://www.alloschool.com/assets/documents/course-269/x-ens-informatique-2008-mp-option-info-epreuve.pdf,XENS ANNALES/Informatique/XENS INFO ÉNONCÉ 2008.pdf,104648,b1205189920d984636a6a41a0898be5e6e54932c01295c4a095277a290e56b0d,TRUE,UPLOADED_VERIFIED,HTTP 200 application/pdf; 7 pages
Informatique,Informatique,2008,MP Option Info,CORRIGÉ,https://www.alloschool.com/assets/documents/course-269/x-ens-informatique-2008-mp-option-info-corrige.pdf,XENS ANNALES/Informatique/XENS INFO CORRIGÉ 2008.pdf,258903,21fdba7b01a293d15f4ee02fcbe145ef699c0f4290c332716615ceeed4dde81f,TRUE,UPLOADED_VERIFIED,HTTP 200 application/pdf; 8 pages
Informatique,Informatique,2007,MP/PC,ÉNONCÉ,https://www.alloschool.com/assets/documents/course-269/x-ens-informatique-2007-mp-pc-epreuve.pdf,XENS ANNALES/Informatique/XENS INFO ÉNONCÉ 2007.pdf,79106,e66308509dbb7089c0b1aecbce47c17d30e680a8ab84a9777791d019e7bfd00f,TRUE,UPLOADED_VERIFIED,"HTTP 200 application/pdf; 4 pages; Header: 'MP option physique et SI / PC, composition d'informatique (2 h)'."
Informatique,Informatique,2007,MP/PC,CORRIGÉ,https://www.alloschool.com/assets/documents/course-269/x-ens-informatique-2007-mp-pc-corrige.pdf,XENS ANNALES/Informatique/XENS INFO CORRIGÉ 2007.pdf,110902,e39e47301389e66c2d74571ff6fca08d9e7ca44f9e94f76d065de85357a2bc2e,TRUE,UPLOADED_VERIFIED,HTTP 200 application/pdf; 6 pages
Informatique,Informatique,2006,MP/PC,ÉNONCÉ,https://www.alloschool.com/assets/documents/course-269/x-ens-informatique-2006-mp-pc-epreuve.pdf,XENS ANNALES/Informatique/XENS INFO ÉNONCÉ 2006.pdf,72797,ef544b3cf667eb96c6d70ab5f9146545b07c7cc7513b3c83fd79dbc2c22c3ebf,TRUE,UPLOADED_VERIFIED,"HTTP 200 application/pdf; 3 pages; Header: 'MP option physique et SI / PC, composition d'informatique (2 h)'."
Informatique,Informatique,2006,MP/PC,CORRIGÉ,https://www.alloschool.com/assets/documents/course-269/x-ens-informatique-2006-mp-pc-corrige.pdf,XENS ANNALES/Informatique/XENS INFO CORRIGÉ 2006.pdf,46958,2d9d4176a3b33978bb6a8e66c6cdefb598750e56217f8e28587b9d9be3ae5d35,TRUE,UPLOADED_VERIFIED,HTTP 200 application/pdf; 6 pages
Informatique,Informatique,2005,MP Option Info,ÉNONCÉ,https://www.alloschool.com/assets/documents/course-269/x-ens-informatique-2005-mp-option-info-epreuve.pdf,XENS ANNALES/Informatique/XENS INFO ÉNONCÉ 2005.pdf,98565,7d7029b57529704a145e69d45845cb3e4a1b9c7cd45763fbd0e1b89eb12cf8d5,TRUE,UPLOADED_VERIFIED,HTTP 200 application/pdf; 6 pages
Informatique,Informatique,2005,MP Option Info,CORRIGÉ,https://www.alloschool.com/assets/documents/course-269/x-ens-informatique-2005-mp-option-info-corrige.pdf,XENS ANNALES/Informatique/XENS INFO CORRIGÉ 2005.pdf,130924,781886034cf3238b7ef9f5806a7ae3cd4e643065cad7494c20ee86965c91161d,TRUE,UPLOADED_VERIFIED,HTTP 200 application/pdf; 6 pages
Informatique,Informatique,2004,MP/PC,ÉNONCÉ,https://www.alloschool.com/assets/documents/course-269/x-ens-informatique-2004-mp-pc-epreuve.pdf,XENS ANNALES/Informatique/XENS INFO ÉNONCÉ 2004.pdf,69151,be2abd01fefc04cc475ff264905d07c19d541ee0b17199e9e12273d883b58a1f,TRUE,UPLOADED_VERIFIED,"HTTP 200 application/pdf; 4 pages; Header: 'MP option physique et SI / PC, composition d'informatique (2 h)'."
Informatique,Informatique,2004,MP/PC,CORRIGÉ,https://www.alloschool.com/assets/documents/course-269/x-ens-informatique-2004-mp-pc-corrige.pdf,XENS ANNALES/Informatique/XENS INFO CORRIGÉ 2004.pdf,104013,831aa16277d4fa0b8833afd9fc7c552f2618c637b8c6e600fbe7214274433a8c,TRUE,UPLOADED_VERIFIED,HTTP 200 application/pdf; 4 pages
Informatique,Informatique,2003,MP Option Info,ÉNONCÉ,https://www.alloschool.com/assets/documents/course-269/x-ens-informatique-2003-mp-option-info-epreuve.pdf,XENS ANNALES/Informatique/XENS INFO ÉNONCÉ 2003.pdf,704803,da9329df65ae941f71b12d0a997e4f6ed356698ff12f8aa5422279d2f40d3db5,TRUE,UPLOADED_VERIFIED,"HTTP 200 application/pdf; 6 pages; Scanned image PDF (no text layer); first page visually checked: X 2003 MP option informatique, 'Routage dans un réseau arborescent'."
Informatique,Informatique,2003,MP Option Info,CORRIGÉ,https://www.alloschool.com/assets/documents/course-269/x-ens-informatique-2003-mp-option-info-corrige.pdf,XENS ANNALES/Informatique/XENS INFO CORRIGÉ 2003.pdf,76219,ccb101f6f4bc84aeeb83f13fbaddc9c3db4271f2c0bdaf3390b552f7d903a843,TRUE,UPLOADED_VERIFIED,HTTP 200 application/pdf; 9 pages
Informatique,Informatique,2002,MP/PC,ÉNONCÉ,https://www.alloschool.com/assets/documents/course-269/x-ens-informatique-2002-mp-pc-epreuve.pdf,XENS ANNALES/Informatique/XENS INFO ÉNONCÉ 2002.pdf,58408,2aa01a421fa8b2199b260523ce4d83f65582597171de50e31b7ab66e3c5a8899,TRUE,UPLOADED_VERIFIED,"HTTP 200 application/pdf; 2 pages; Header: 'MP option sciences industrielles / PC, épreuve facultative d'informatique'."
Informatique,Informatique,2002,MP/PC,CORRIGÉ,https://www.alloschool.com/assets/documents/course-269/x-ens-informatique-2002-mp-pc-corrige.pdf,XENS ANNALES/Informatique/XENS INFO CORRIGÉ 2002.pdf,92086,2782a9aadd2f5ec1362da7cd4820ad959a6535fae9beaa89d70f2b9e4a07c94f,TRUE,UPLOADED_VERIFIED,HTTP 200 application/pdf; 2 pages; Solution in Mathematica ('épreuve facultative d'algorithmique 2002').
Informatique,Informatique,2001,MP,ÉNONCÉ,https://www.alloschool.com/assets/documents/course-269/x-ens-informatique-2001-mp-epreuve.pdf,XENS ANNALES/Informatique/XENS INFO ÉNONCÉ 2001.pdf,127833,07069480b7aea74dc164da582c075c8c48c99b01f35a5fb74187644117c326a8,TRUE,UPLOADED_VERIFIED,"HTTP 200 application/pdf; 7 pages; Header: 'Filière MP, composition d'informatique (4 h)'; the corrigé calls it the option informatique paper."
Informatique,Informatique,2001,MP,CORRIGÉ,https://www.alloschool.com/assets/documents/course-269/x-ens-informatique-2001-mp-corrige.pdf,XENS ANNALES/Informatique/XENS INFO CORRIGÉ 2001.pdf,448730,9dfb03cf57dd19394271849bdca122f54b4667fbf9fe4cf9b5e32b2ff9b982e7,TRUE,UPLOADED_VERIFIED,HTTP 200 application/pdf; 11 pages
Informatique,Informatique,2000,MP,ÉNONCÉ,https://www.alloschool.com/assets/documents/course-269/x-ens-informatique-2000-mp-epreuve.pdf,XENS ANNALES/Informatique/XENS INFO ÉNONCÉ 2000.pdf,106381,383bf2bbb1ac37addf0598541a27681110205a01d815d6a17e191578133dc9d1,TRUE,UPLOADED_VERIFIED,"HTTP 200 application/pdf; 4 pages; Header: 'Filière MP, composition d'informatique (4 h)'."
Informatique,Informatique,2000,MP,CORRIGÉ,https://www.alloschool.com/assets/documents/course-269/x-ens-informatique-2000-mp-corrige.pdf,XENS ANNALES/Informatique/XENS INFO CORRIGÉ 2000.pdf,70997,62b9a3f8c96d96c0bc64fb07484fce9c74bba65b2d2621e91083874e6891dead,TRUE,UPLOADED_VERIFIED,HTTP 200 application/pdf; 7 pages
